﻿<?xml version="1.0" encoding="utf-8"?>
<cars>
  <car>
    <model>E250</model>
    <Engine model="CGI">
      <horsePower>204</horsePower>
      <displacement>1.8</displacement>
    </Engine>
    <year>2009</year>
  </car>
  <car>
    <model>E350</model>
    <Engine model="CGI">
      <horsePower>292</horsePower>
      <displacement>3.5</displacement>
    </Engine>
    <year>2009</year>
  </car>
  <car>
    <model>A6</model>
    <Engine model="FSI">
      <horsePower>187</horsePower>
      <displacement>2.5</displacement>
    </Engine>
    <year>2012</year>
  </car>
  <car>
    <model>A6</model>
    <Engine model="FSI">
      <horsePower>220</horsePower>
      <displacement>2.8</displacement>
    </Engine>
    <year>2012</year>
  </car>
  <car>
    <model>A6</model>
    <Engine model="TFSI">
      <horsePower>295</horsePower>
      <displacement>3</displacement>
    </Engine>
    <year>2012</year>
  </car>
  <car>
    <model>A6</model>
    <Engine model="TDI">
      <horsePower>175</horsePower>
      <displacement>2</displacement>
    </Engine>
    <year>2011</year>
  </car>
  <car>
    <model>A6</model>
    <Engine model="TDI">
      <horsePower>309</horsePower>
      <displacement>3</displacement>
    </Engine>
    <year>2011</year>
  </car>
  <car>
    <model>S6</model>
    <Engine model="TFSI">
      <horsePower>414</horsePower>
      <displacement>4</displacement>
    </Engine>
    <year>2012</year>
  </car>
  <car>
    <model>S8</model>
    <Engine model="TFSI">
      <horsePower>513</horsePower>
      <displacement>4</displacement>
    </Engine>
    <year>2012</year>
  </car>
</cars>